{"cameraMode":{"drawMode":0,"name":"Shaded","section":"Shading Mode"},"sceneLighting":false,"audioPlay":false,"sceneViewState":{"showFog":true,"showMaterialUpdate":false,"showSkybox":false,"showFlares":true,"showImageEffects":true,"showParticleSystems":true},"in2DMode":false,"pivot":{"x":-2.946972370147705,"y":3.6849842071533205,"z":1.75},"rotation":{"x":0.1752292811870575,"y":0.32831963896751406,"z":-0.06458480656147003,"w":0.9261150360107422},"size":320.9914245605469,"orthographic":false}