{"cameraMode":{"drawMode":0,"name":"Shaded","section":"Shading Mode"},"sceneLighting":true,"audioPlay":false,"sceneViewState":{"showFog":true,"showMaterialUpdate":false,"showSkybox":true,"showFlares":true,"showImageEffects":true,"showParticleSystems":true},"in2DMode":false,"pivot":{"x":479.46221923828127,"y":-7.362060546875,"z":169.1228485107422},"rotation":{"x":-0.17822498083114625,"y":-0.6854772567749023,"z":0.17894333600997926,"w":-0.6829668879508972},"size":1787.073974609375,"orthographic":false}